Jurisdiction,Value,Race/ ethnicity,Year,Measure
State,166.4,All races/ethnicities (aggregated),2015-2017,Heart disease mortality
Allegany,230.6,All races/ethnicities (aggregated),2015-2017,Heart disease mortality
Anne Arundel,158.5,All races/ethnicities (aggregated),2015-2017,Heart disease mortality
Baltimore City,241.4,All races/ethnicities (aggregated),2015-2017,Heart disease mortality
Baltimore County,179.3,All races/ethnicities (aggregated),2015-2017,Heart disease mortality
Calvert,188.0,All races/ethnicities (aggregated),2015-2017,Heart disease mortality
Caroline,188.4,All races/ethnicities (aggregated),2015-2017,Heart disease mortality
Carroll,174.1,All races/ethnicities (aggregated),2015-2017,Heart disease mortality
Cecil,205.3,All races/ethnicities (aggregated),2015-2017,Heart disease mortality
Charles,166.7,All races/ethnicities (aggregated),2015-2017,Heart disease mortality
Dorchester,213.4,All races/ethnicities (aggregated),2015-2017,Heart disease mortality
Frederick,165.1,All races/ethnicities (aggregated),2015-2017,Heart disease mortality
Garrett,208.6,All races/ethnicities (aggregated),2015-2017,Heart disease mortality
Harford,167.1,All races/ethnicities (aggregated),2015-2017,Heart disease mortality
Howard,106.2,All races/ethnicities (aggregated),2015-2017,Heart disease mortality
Kent,163.6,All races/ethnicities (aggregated),2015-2017,Heart disease mortality
Montgomery,100.2,All races/ethnicities (aggregated),2015-2017,Heart disease mortality
Prince George's,178.1,All races/ethnicities (aggregated),2015-2017,Heart disease mortality
Queen Anne's,166.7,All races/ethnicities (aggregated),2015-2017,Heart disease mortality
Saint Mary's,156.7,All races/ethnicities (aggregated),2015-2017,Heart disease mortality
Somerset,300.9,All races/ethnicities (aggregated),2015-2017,Heart disease mortality
Talbot,132.4,All races/ethnicities (aggregated),2015-2017,Heart disease mortality
Washington,188.3,All races/ethnicities (aggregated),2015-2017,Heart disease mortality
Wicomico,233.3,All races/ethnicities (aggregated),2015-2017,Heart disease mortality
Worcester,198.6,All races/ethnicities (aggregated),2015-2017,Heart disease mortality
State,193.8,Black Non-Hispanic,2015-2017,Heart disease mortality
Allegany,*,Black Non-Hispanic,2015-2017,Heart disease mortality
Anne Arundel,162.1,Black Non-Hispanic,2015-2017,Heart disease mortality
Baltimore City,259.9,Black Non-Hispanic,2015-2017,Heart disease mortality
Baltimore County,185.7,Black Non-Hispanic,2015-2017,Heart disease mortality
Calvert,169.9,Black Non-Hispanic,2015-2017,Heart disease mortality
Caroline,*,Black Non-Hispanic,2015-2017,Heart disease mortality
Carroll,*,Black Non-Hispanic,2015-2017,Heart disease mortality
Cecil,*,Black Non-Hispanic,2015-2017,Heart disease mortality
Charles,153.3,Black Non-Hispanic,2015-2017,Heart disease mortality
Dorchester,257.7,Black Non-Hispanic,2015-2017,Heart disease mortality
Frederick,224.2,Black Non-Hispanic,2015-2017,Heart disease mortality
Garrett,*,Black Non-Hispanic,2015-2017,Heart disease mortality
Harford,172.8,Black Non-Hispanic,2015-2017,Heart disease mortality
Howard,132.8,Black Non-Hispanic,2015-2017,Heart disease mortality
Kent,*,Black Non-Hispanic,2015-2017,Heart disease mortality
Montgomery,125.5,Black Non-Hispanic,2015-2017,Heart disease mortality
Prince George's,180.2,Black Non-Hispanic,2015-2017,Heart disease mortality
Queen Anne's,*,Black Non-Hispanic,2015-2017,Heart disease mortality
Saint Mary's,179.6,Black Non-Hispanic,2015-2017,Heart disease mortality
Somerset,312.1,Black Non-Hispanic,2015-2017,Heart disease mortality
Talbot,*,Black Non-Hispanic,2015-2017,Heart disease mortality
Washington,*,Black Non-Hispanic,2015-2017,Heart disease mortality
Wicomico,252.8,Black Non-Hispanic,2015-2017,Heart disease mortality
Worcester,268.9,Black Non-Hispanic,2015-2017,Heart disease mortality
State,68.0,Hispanic,2015-2017,Heart disease mortality
Allegany,*,Hispanic,2015-2017,Heart disease mortality
Anne Arundel,*,Hispanic,2015-2017,Heart disease mortality
Baltimore City,*,Hispanic,2015-2017,Heart disease mortality
Baltimore County,*,Hispanic,2015-2017,Heart disease mortality
Calvert,*,Hispanic,2015-2017,Heart disease mortality
Caroline,*,Hispanic,2015-2017,Heart disease mortality
Carroll,*,Hispanic,2015-2017,Heart disease mortality
Cecil,*,Hispanic,2015-2017,Heart disease mortality
Charles,*,Hispanic,2015-2017,Heart disease mortality
Dorchester,*,Hispanic,2015-2017,Heart disease mortality
Frederick,*,Hispanic,2015-2017,Heart disease mortality
Garrett,*,Hispanic,2015-2017,Heart disease mortality
Harford,*,Hispanic,2015-2017,Heart disease mortality
Howard,*,Hispanic,2015-2017,Heart disease mortality
Kent,*,Hispanic,2015-2017,Heart disease mortality
Montgomery,57.9,Hispanic,2015-2017,Heart disease mortality
Prince George's,83.7,Hispanic,2015-2017,Heart disease mortality
Queen Anne's,*,Hispanic,2015-2017,Heart disease mortality
Saint Mary's,*,Hispanic,2015-2017,Heart disease mortality
Somerset,*,Hispanic,2015-2017,Heart disease mortality
Talbot,*,Hispanic,2015-2017,Heart disease mortality
Washington,*,Hispanic,2015-2017,Heart disease mortality
Wicomico,*,Hispanic,2015-2017,Heart disease mortality
Worcester,*,Hispanic,2015-2017,Heart disease mortality
State,166.6,White Non-Hispanic,2015-2017,Heart disease mortality
Allegany,233.6,White Non-Hispanic,2015-2017,Heart disease mortality
Anne Arundel,162.7,White Non-Hispanic,2015-2017,Heart disease mortality
Baltimore City,221.1,White Non-Hispanic,2015-2017,Heart disease mortality
Baltimore County,182.2,White Non-Hispanic,2015-2017,Heart disease mortality
Calvert,191.3,White Non-Hispanic,2015-2017,Heart disease mortality
Caroline,192.4,White Non-Hispanic,2015-2017,Heart disease mortality
Carroll,177.1,White Non-Hispanic,2015-2017,Heart disease mortality
Cecil,206.7,White Non-Hispanic,2015-2017,Heart disease mortality
Charles,183.5,White Non-Hispanic,2015-2017,Heart disease mortality
Dorchester,205.5,White Non-Hispanic,2015-2017,Heart disease mortality
Frederick,167.2,White Non-Hispanic,2015-2017,Heart disease mortality
Garrett,211.1,White Non-Hispanic,2015-2017,Heart disease mortality
Harford,167.7,White Non-Hispanic,2015-2017,Heart disease mortality
Howard,113.2,White Non-Hispanic,2015-2017,Heart disease mortality
Kent,160.5,White Non-Hispanic,2015-2017,Heart disease mortality
Montgomery,106.6,White Non-Hispanic,2015-2017,Heart disease mortality
Prince George's,201.5,White Non-Hispanic,2015-2017,Heart disease mortality
Queen Anne's,161.8,White Non-Hispanic,2015-2017,Heart disease mortality
Saint Mary's,159.5,White Non-Hispanic,2015-2017,Heart disease mortality
Somerset,306.6,White Non-Hispanic,2015-2017,Heart disease mortality
Talbot,127.8,White Non-Hispanic,2015-2017,Heart disease mortality
Washington,190.0,White Non-Hispanic,2015-2017,Heart disease mortality
Wicomico,234.3,White Non-Hispanic,2015-2017,Heart disease mortality
Worcester,195.7,White Non-Hispanic,2015-2017,Heart disease mortality
State,69.1,Asian/ Pacific Islander Non-Hispanic,2015-2017,Heart disease mortality
Allegany,*,Asian/ Pacific Islander Non-Hispanic,2015-2017,Heart disease mortality
Anne Arundel,*,Asian/ Pacific Islander Non-Hispanic,2015-2017,Heart disease mortality
Baltimore City,*,Asian/ Pacific Islander Non-Hispanic,2015-2017,Heart disease mortality
Baltimore County,90.2,Asian/ Pacific Islander Non-Hispanic,2015-2017,Heart disease mortality
Calvert,*,Asian/ Pacific Islander Non-Hispanic,2015-2017,Heart disease mortality
Caroline,*,Asian/ Pacific Islander Non-Hispanic,2015-2017,Heart disease mortality
Carroll,*,Asian/ Pacific Islander Non-Hispanic,2015-2017,Heart disease mortality
Cecil,*,Asian/ Pacific Islander Non-Hispanic,2015-2017,Heart disease mortality
Charles,*,Asian/ Pacific Islander Non-Hispanic,2015-2017,Heart disease mortality
Dorchester,*,Asian/ Pacific Islander Non-Hispanic,2015-2017,Heart disease mortality
Frederick,*,Asian/ Pacific Islander Non-Hispanic,2015-2017,Heart disease mortality
Garrett,*,Asian/ Pacific Islander Non-Hispanic,2015-2017,Heart disease mortality
Harford,*,Asian/ Pacific Islander Non-Hispanic,2015-2017,Heart disease mortality
Howard,54.4,Asian/ Pacific Islander Non-Hispanic,2015-2017,Heart disease mortality
Kent,*,Asian/ Pacific Islander Non-Hispanic,2015-2017,Heart disease mortality
Montgomery,60.9,Asian/ Pacific Islander Non-Hispanic,2015-2017,Heart disease mortality
Prince George's,101.2,Asian/ Pacific Islander Non-Hispanic,2015-2017,Heart disease mortality
Queen Anne's,*,Asian/ Pacific Islander Non-Hispanic,2015-2017,Heart disease mortality
Saint Mary's,*,Asian/ Pacific Islander Non-Hispanic,2015-2017,Heart disease mortality
Somerset,*,Asian/ Pacific Islander Non-Hispanic,2015-2017,Heart disease mortality
Talbot,*,Asian/ Pacific Islander Non-Hispanic,2015-2017,Heart disease mortality
Washington,*,Asian/ Pacific Islander Non-Hispanic,2015-2017,Heart disease mortality
Wicomico,*,Asian/ Pacific Islander Non-Hispanic,2015-2017,Heart disease mortality
Worcester,*,Asian/ Pacific Islander Non-Hispanic,2015-2017,Heart disease mortality
State,166.9,All races/ethnicities (aggregated),2014-2016,Heart disease mortality
Allegany,246.7,All races/ethnicities (aggregated),2014-2016,Heart disease mortality
Anne Arundel,160.5,All races/ethnicities (aggregated),2014-2016,Heart disease mortality
Baltimore City,236.3,All races/ethnicities (aggregated),2014-2016,Heart disease mortality
Baltimore County,176.8,All races/ethnicities (aggregated),2014-2016,Heart disease mortality
Calvert,177.6,All races/ethnicities (aggregated),2014-2016,Heart disease mortality
Caroline,200.3,All races/ethnicities (aggregated),2014-2016,Heart disease mortality
Carroll,176.4,All races/ethnicities (aggregated),2014-2016,Heart disease mortality
Cecil,200.0,All races/ethnicities (aggregated),2014-2016,Heart disease mortality
Charles,165.2,All races/ethnicities (aggregated),2014-2016,Heart disease mortality
Dorchester,204.6,All races/ethnicities (aggregated),2014-2016,Heart disease mortality
Frederick,168.1,All races/ethnicities (aggregated),2014-2016,Heart disease mortality
Garrett,200.2,All races/ethnicities (aggregated),2014-2016,Heart disease mortality
Harford,166.1,All races/ethnicities (aggregated),2014-2016,Heart disease mortality
Howard,116.4,All races/ethnicities (aggregated),2014-2016,Heart disease mortality
Kent,152.1,All races/ethnicities (aggregated),2014-2016,Heart disease mortality
Montgomery,103.7,All races/ethnicities (aggregated),2014-2016,Heart disease mortality
Prince George's,174.0,All races/ethnicities (aggregated),2014-2016,Heart disease mortality
Queen Anne's,171.7,All races/ethnicities (aggregated),2014-2016,Heart disease mortality
Saint Mary's,155.8,All races/ethnicities (aggregated),2014-2016,Heart disease mortality
Somerset,286.1,All races/ethnicities (aggregated),2014-2016,Heart disease mortality
Talbot,145.1,All races/ethnicities (aggregated),2014-2016,Heart disease mortality
Washington,193.5,All races/ethnicities (aggregated),2014-2016,Heart disease mortality
Wicomico,245.1,All races/ethnicities (aggregated),2014-2016,Heart disease mortality
Worcester,186.9,All races/ethnicities (aggregated),2014-2016,Heart disease mortality
State,192.2,Black Non-Hispanic,2014-2016,Heart disease mortality
Allegany,*,Black Non-Hispanic,2014-2016,Heart disease mortality
Anne Arundel,172.7,Black Non-Hispanic,2014-2016,Heart disease mortality
Baltimore City,253.7,Black Non-Hispanic,2014-2016,Heart disease mortality
Baltimore County,182.0,Black Non-Hispanic,2014-2016,Heart disease mortality
Calvert,176.3,Black Non-Hispanic,2014-2016,Heart disease mortality
Caroline,*,Black Non-Hispanic,2014-2016,Heart disease mortality
Carroll,*,Black Non-Hispanic,2014-2016,Heart disease mortality
Cecil,*,Black Non-Hispanic,2014-2016,Heart disease mortality
Charles,151.1,Black Non-Hispanic,2014-2016,Heart disease mortality
Dorchester,219.6,Black Non-Hispanic,2014-2016,Heart disease mortality
Frederick,207.4,Black Non-Hispanic,2014-2016,Heart disease mortality
Garrett,*,Black Non-Hispanic,2014-2016,Heart disease mortality
Harford,186.1,Black Non-Hispanic,2014-2016,Heart disease mortality
Howard,141.1,Black Non-Hispanic,2014-2016,Heart disease mortality
Kent,*,Black Non-Hispanic,2014-2016,Heart disease mortality
Montgomery,127.5,Black Non-Hispanic,2014-2016,Heart disease mortality
Prince George's,178.8,Black Non-Hispanic,2014-2016,Heart disease mortality
Queen Anne's,*,Black Non-Hispanic,2014-2016,Heart disease mortality
Saint Mary's,184.4,Black Non-Hispanic,2014-2016,Heart disease mortality
Somerset,299.1,Black Non-Hispanic,2014-2016,Heart disease mortality
Talbot,*,Black Non-Hispanic,2014-2016,Heart disease mortality
Washington,*,Black Non-Hispanic,2014-2016,Heart disease mortality
Wicomico,249.6,Black Non-Hispanic,2014-2016,Heart disease mortality
Worcester,251.5,Black Non-Hispanic,2014-2016,Heart disease mortality
State,65.5,Hispanic,2014-2016,Heart disease mortality
Allegany,*,Hispanic,2014-2016,Heart disease mortality
Anne Arundel,*,Hispanic,2014-2016,Heart disease mortality
Baltimore City,*,Hispanic,2014-2016,Heart disease mortality
Baltimore County,*,Hispanic,2014-2016,Heart disease mortality
Calvert,*,Hispanic,2014-2016,Heart disease mortality
Caroline,*,Hispanic,2014-2016,Heart disease mortality
Carroll,*,Hispanic,2014-2016,Heart disease mortality
Cecil,*,Hispanic,2014-2016,Heart disease mortality
Charles,*,Hispanic,2014-2016,Heart disease mortality
Dorchester,*,Hispanic,2014-2016,Heart disease mortality
Frederick,*,Hispanic,2014-2016,Heart disease mortality
Garrett,*,Hispanic,2014-2016,Heart disease mortality
Harford,*,Hispanic,2014-2016,Heart disease mortality
Howard,*,Hispanic,2014-2016,Heart disease mortality
Kent,*,Hispanic,2014-2016,Heart disease mortality
Montgomery,52.6,Hispanic,2014-2016,Heart disease mortality
Prince George's,83.3,Hispanic,2014-2016,Heart disease mortality
Queen Anne's,*,Hispanic,2014-2016,Heart disease mortality
Saint Mary's,*,Hispanic,2014-2016,Heart disease mortality
Somerset,*,Hispanic,2014-2016,Heart disease mortality
Talbot,*,Hispanic,2014-2016,Heart disease mortality
Washington,*,Hispanic,2014-2016,Heart disease mortality
Wicomico,*,Hispanic,2014-2016,Heart disease mortality
Worcester,*,Hispanic,2014-2016,Heart disease mortality
State,167.9,White Non-Hispanic,2014-2016,Heart disease mortality
Allegany,250.5,White Non-Hispanic,2014-2016,Heart disease mortality
Anne Arundel,163.6,White Non-Hispanic,2014-2016,Heart disease mortality
Baltimore City,216.2,White Non-Hispanic,2014-2016,Heart disease mortality
Baltimore County,180.5,White Non-Hispanic,2014-2016,Heart disease mortality
Calvert,179.0,White Non-Hispanic,2014-2016,Heart disease mortality
Caroline,201.1,White Non-Hispanic,2014-2016,Heart disease mortality
Carroll,180.2,White Non-Hispanic,2014-2016,Heart disease mortality
Cecil,200.8,White Non-Hispanic,2014-2016,Heart disease mortality
Charles,178.7,White Non-Hispanic,2014-2016,Heart disease mortality
Dorchester,203.9,White Non-Hispanic,2014-2016,Heart disease mortality
Frederick,172.0,White Non-Hispanic,2014-2016,Heart disease mortality
Garrett,202.5,White Non-Hispanic,2014-2016,Heart disease mortality
Harford,166.7,White Non-Hispanic,2014-2016,Heart disease mortality
Howard,123.3,White Non-Hispanic,2014-2016,Heart disease mortality
Kent,149.4,White Non-Hispanic,2014-2016,Heart disease mortality
Montgomery,111.1,White Non-Hispanic,2014-2016,Heart disease mortality
Prince George's,189.6,White Non-Hispanic,2014-2016,Heart disease mortality
Queen Anne's,166.5,White Non-Hispanic,2014-2016,Heart disease mortality
Saint Mary's,157.2,White Non-Hispanic,2014-2016,Heart disease mortality
Somerset,290.9,White Non-Hispanic,2014-2016,Heart disease mortality
Talbot,140.4,White Non-Hispanic,2014-2016,Heart disease mortality
Washington,195.6,White Non-Hispanic,2014-2016,Heart disease mortality
Wicomico,247.8,White Non-Hispanic,2014-2016,Heart disease mortality
Worcester,183.6,White Non-Hispanic,2014-2016,Heart disease mortality
State,70.3,Asian/ Pacific Islander Non-Hispanic,2014-2016,Heart disease mortality
Allegany,*,Asian/ Pacific Islander Non-Hispanic,2014-2016,Heart disease mortality
Anne Arundel,*,Asian/ Pacific Islander Non-Hispanic,2014-2016,Heart disease mortality
Baltimore City,*,Asian/ Pacific Islander Non-Hispanic,2014-2016,Heart disease mortality
Baltimore County,88.5,Asian/ Pacific Islander Non-Hispanic,2014-2016,Heart disease mortality
Calvert,*,Asian/ Pacific Islander Non-Hispanic,2014-2016,Heart disease mortality
Caroline,*,Asian/ Pacific Islander Non-Hispanic,2014-2016,Heart disease mortality
Carroll,*,Asian/ Pacific Islander Non-Hispanic,2014-2016,Heart disease mortality
Cecil,*,Asian/ Pacific Islander Non-Hispanic,2014-2016,Heart disease mortality
Charles,*,Asian/ Pacific Islander Non-Hispanic,2014-2016,Heart disease mortality
Dorchester,*,Asian/ Pacific Islander Non-Hispanic,2014-2016,Heart disease mortality
Frederick,*,Asian/ Pacific Islander Non-Hispanic,2014-2016,Heart disease mortality
Garrett,*,Asian/ Pacific Islander Non-Hispanic,2014-2016,Heart disease mortality
Harford,*,Asian/ Pacific Islander Non-Hispanic,2014-2016,Heart disease mortality
Howard,64.6,Asian/ Pacific Islander Non-Hispanic,2014-2016,Heart disease mortality
Kent,*,Asian/ Pacific Islander Non-Hispanic,2014-2016,Heart disease mortality
Montgomery,59.3,Asian/ Pacific Islander Non-Hispanic,2014-2016,Heart disease mortality
Prince George's,97.7,Asian/ Pacific Islander Non-Hispanic,2014-2016,Heart disease mortality
Queen Anne's,*,Asian/ Pacific Islander Non-Hispanic,2014-2016,Heart disease mortality
Saint Mary's,*,Asian/ Pacific Islander Non-Hispanic,2014-2016,Heart disease mortality
Somerset,*,Asian/ Pacific Islander Non-Hispanic,2014-2016,Heart disease mortality
Talbot,*,Asian/ Pacific Islander Non-Hispanic,2014-2016,Heart disease mortality
Washington,*,Asian/ Pacific Islander Non-Hispanic,2014-2016,Heart disease mortality
Wicomico,*,Asian/ Pacific Islander Non-Hispanic,2014-2016,Heart disease mortality
Worcester,*,Asian/ Pacific Islander Non-Hispanic,2014-2016,Heart disease mortality
State,169.4,All races/ethnicities (aggregated),2013-2015,Heart disease mortality
Allegany,263.0,All races/ethnicities (aggregated),2013-2015,Heart disease mortality
Anne Arundel,159.3,All races/ethnicities (aggregated),2013-2015,Heart disease mortality
Baltimore City,241.1,All races/ethnicities (aggregated),2013-2015,Heart disease mortality
Baltimore County,176.6,All races/ethnicities (aggregated),2013-2015,Heart disease mortality
Calvert,175.1,All races/ethnicities (aggregated),2013-2015,Heart disease mortality
Caroline,195.6,All races/ethnicities (aggregated),2013-2015,Heart disease mortality
Carroll,184.2,All races/ethnicities (aggregated),2013-2015,Heart disease mortality
Cecil,208.1,All races/ethnicities (aggregated),2013-2015,Heart disease mortality
Charles,165.1,All races/ethnicities (aggregated),2013-2015,Heart disease mortality
Dorchester,190.9,All races/ethnicities (aggregated),2013-2015,Heart disease mortality
Frederick,168.7,All races/ethnicities (aggregated),2013-2015,Heart disease mortality
Garrett,213.9,All races/ethnicities (aggregated),2013-2015,Heart disease mortality
Harford,168.4,All races/ethnicities (aggregated),2013-2015,Heart disease mortality
Howard,122.8,All races/ethnicities (aggregated),2013-2015,Heart disease mortality
Kent,154.3,All races/ethnicities (aggregated),2013-2015,Heart disease mortality
Montgomery,107.5,All races/ethnicities (aggregated),2013-2015,Heart disease mortality
Prince George's,171.4,All races/ethnicities (aggregated),2013-2015,Heart disease mortality
Queen Anne's,159.8,All races/ethnicities (aggregated),2013-2015,Heart disease mortality
Saint Mary's,159.1,All races/ethnicities (aggregated),2013-2015,Heart disease mortality
Somerset,319.2,All races/ethnicities (aggregated),2013-2015,Heart disease mortality
Talbot,143.0,All races/ethnicities (aggregated),2013-2015,Heart disease mortality
Washington,202.5,All races/ethnicities (aggregated),2013-2015,Heart disease mortality
Wicomico,248.0,All races/ethnicities (aggregated),2013-2015,Heart disease mortality
Worcester,180.9,All races/ethnicities (aggregated),2013-2015,Heart disease mortality
State,195.7,Black Non-Hispanic,2013-2015,Heart disease mortality
Allegany,*,Black Non-Hispanic,2013-2015,Heart disease mortality
Anne Arundel,183.5,Black Non-Hispanic,2013-2015,Heart disease mortality
Baltimore City,258.8,Black Non-Hispanic,2013-2015,Heart disease mortality
Baltimore County,186.0,Black Non-Hispanic,2013-2015,Heart disease mortality
Calvert,179.4,Black Non-Hispanic,2013-2015,Heart disease mortality
Caroline,*,Black Non-Hispanic,2013-2015,Heart disease mortality
Carroll,*,Black Non-Hispanic,2013-2015,Heart disease mortality
Cecil,*,Black Non-Hispanic,2013-2015,Heart disease mortality
Charles,148.4,Black Non-Hispanic,2013-2015,Heart disease mortality
Dorchester,200.5,Black Non-Hispanic,2013-2015,Heart disease mortality
Frederick,186.5,Black Non-Hispanic,2013-2015,Heart disease mortality
Garrett,*,Black Non-Hispanic,2013-2015,Heart disease mortality
Harford,184.9,Black Non-Hispanic,2013-2015,Heart disease mortality
Howard,138.6,Black Non-Hispanic,2013-2015,Heart disease mortality
Kent,*,Black Non-Hispanic,2013-2015,Heart disease mortality
Montgomery,130.6,Black Non-Hispanic,2013-2015,Heart disease mortality
Prince George's,179.4,Black Non-Hispanic,2013-2015,Heart disease mortality
Queen Anne's,*,Black Non-Hispanic,2013-2015,Heart disease mortality
Saint Mary's,192.0,Black Non-Hispanic,2013-2015,Heart disease mortality
Somerset,355.5,Black Non-Hispanic,2013-2015,Heart disease mortality
Talbot,*,Black Non-Hispanic,2013-2015,Heart disease mortality
Washington,*,Black Non-Hispanic,2013-2015,Heart disease mortality
Wicomico,256.9,Black Non-Hispanic,2013-2015,Heart disease mortality
Worcester,244.8,Black Non-Hispanic,2013-2015,Heart disease mortality
State,64.0,Hispanic,2013-2015,Heart disease mortality
Allegany,*,Hispanic,2013-2015,Heart disease mortality
Anne Arundel,*,Hispanic,2013-2015,Heart disease mortality
Baltimore City,*,Hispanic,2013-2015,Heart disease mortality
Baltimore County,*,Hispanic,2013-2015,Heart disease mortality
Calvert,*,Hispanic,2013-2015,Heart disease mortality
Caroline,*,Hispanic,2013-2015,Heart disease mortality
Carroll,*,Hispanic,2013-2015,Heart disease mortality
Cecil,*,Hispanic,2013-2015,Heart disease mortality
Charles,*,Hispanic,2013-2015,Heart disease mortality
Dorchester,*,Hispanic,2013-2015,Heart disease mortality
Frederick,*,Hispanic,2013-2015,Heart disease mortality
Garrett,*,Hispanic,2013-2015,Heart disease mortality
Harford,*,Hispanic,2013-2015,Heart disease mortality
Howard,*,Hispanic,2013-2015,Heart disease mortality
Kent,*,Hispanic,2013-2015,Heart disease mortality
Montgomery,56.0,Hispanic,2013-2015,Heart disease mortality
Prince George's,71.9,Hispanic,2013-2015,Heart disease mortality
Queen Anne's,*,Hispanic,2013-2015,Heart disease mortality
Saint Mary's,*,Hispanic,2013-2015,Heart disease mortality
Somerset,*,Hispanic,2013-2015,Heart disease mortality
Talbot,*,Hispanic,2013-2015,Heart disease mortality
Washington,*,Hispanic,2013-2015,Heart disease mortality
Wicomico,*,Hispanic,2013-2015,Heart disease mortality
Worcester,*,Hispanic,2013-2015,Heart disease mortality
State,170.0,White Non-Hispanic,2013-2015,Heart disease mortality
Allegany,268.6,White Non-Hispanic,2013-2015,Heart disease mortality
Anne Arundel,160.8,White Non-Hispanic,2013-2015,Heart disease mortality
Baltimore City,223.3,White Non-Hispanic,2013-2015,Heart disease mortality
Baltimore County,180.7,White Non-Hispanic,2013-2015,Heart disease mortality
Calvert,176.7,White Non-Hispanic,2013-2015,Heart disease mortality
Caroline,196.4,White Non-Hispanic,2013-2015,Heart disease mortality
Carroll,188.6,White Non-Hispanic,2013-2015,Heart disease mortality
Cecil,207.2,White Non-Hispanic,2013-2015,Heart disease mortality
Charles,176.7,White Non-Hispanic,2013-2015,Heart disease mortality
Dorchester,191.0,White Non-Hispanic,2013-2015,Heart disease mortality
Frederick,173.2,White Non-Hispanic,2013-2015,Heart disease mortality
Garrett,216.1,White Non-Hispanic,2013-2015,Heart disease mortality
Harford,168.9,White Non-Hispanic,2013-2015,Heart disease mortality
Howard,129.8,White Non-Hispanic,2013-2015,Heart disease mortality
Kent,140.4,White Non-Hispanic,2013-2015,Heart disease mortality
Montgomery,114.9,White Non-Hispanic,2013-2015,Heart disease mortality
Prince George's,182.7,White Non-Hispanic,2013-2015,Heart disease mortality
Queen Anne's,159.7,White Non-Hispanic,2013-2015,Heart disease mortality
Saint Mary's,159.7,White Non-Hispanic,2013-2015,Heart disease mortality
Somerset,321.5,White Non-Hispanic,2013-2015,Heart disease mortality
Talbot,133.5,White Non-Hispanic,2013-2015,Heart disease mortality
Washington,205.3,White Non-Hispanic,2013-2015,Heart disease mortality
Wicomico,249.3,White Non-Hispanic,2013-2015,Heart disease mortality
Worcester,176.1,White Non-Hispanic,2013-2015,Heart disease mortality
State,70.6,Asian/ Pacific Islander Non-Hispanic,2013-2015,Heart disease mortality
Allegany,*,Asian/ Pacific Islander Non-Hispanic,2013-2015,Heart disease mortality
Anne Arundel,*,Asian/ Pacific Islander Non-Hispanic,2013-2015,Heart disease mortality
Baltimore City,*,Asian/ Pacific Islander Non-Hispanic,2013-2015,Heart disease mortality
Baltimore County,77.8,Asian/ Pacific Islander Non-Hispanic,2013-2015,Heart disease mortality
Calvert,*,Asian/ Pacific Islander Non-Hispanic,2013-2015,Heart disease mortality
Caroline,*,Asian/ Pacific Islander Non-Hispanic,2013-2015,Heart disease mortality
Carroll,*,Asian/ Pacific Islander Non-Hispanic,2013-2015,Heart disease mortality
Cecil,*,Asian/ Pacific Islander Non-Hispanic,2013-2015,Heart disease mortality
Charles,*,Asian/ Pacific Islander Non-Hispanic,2013-2015,Heart disease mortality
Dorchester,*,Asian/ Pacific Islander Non-Hispanic,2013-2015,Heart disease mortality
Frederick,*,Asian/ Pacific Islander Non-Hispanic,2013-2015,Heart disease mortality
Garrett,*,Asian/ Pacific Islander Non-Hispanic,2013-2015,Heart disease mortality
Harford,*,Asian/ Pacific Islander Non-Hispanic,2013-2015,Heart disease mortality
Howard,71.9,Asian/ Pacific Islander Non-Hispanic,2013-2015,Heart disease mortality
Kent,*,Asian/ Pacific Islander Non-Hispanic,2013-2015,Heart disease mortality
Montgomery,59.8,Asian/ Pacific Islander Non-Hispanic,2013-2015,Heart disease mortality
Prince George's,91.6,Asian/ Pacific Islander Non-Hispanic,2013-2015,Heart disease mortality
Queen Anne's,*,Asian/ Pacific Islander Non-Hispanic,2013-2015,Heart disease mortality
Saint Mary's,*,Asian/ Pacific Islander Non-Hispanic,2013-2015,Heart disease mortality
Somerset,*,Asian/ Pacific Islander Non-Hispanic,2013-2015,Heart disease mortality
Talbot,*,Asian/ Pacific Islander Non-Hispanic,2013-2015,Heart disease mortality
Washington,*,Asian/ Pacific Islander Non-Hispanic,2013-2015,Heart disease mortality
Wicomico,*,Asian/ Pacific Islander Non-Hispanic,2013-2015,Heart disease mortality
Worcester,*,Asian/ Pacific Islander Non-Hispanic,2013-2015,Heart disease mortality
State,169.9,All races/ethnicities (aggregated),2012-2014,Heart disease mortality
Allegany,253.2,All races/ethnicities (aggregated),2012-2014,Heart disease mortality
Anne Arundel,163.0,All races/ethnicities (aggregated),2012-2014,Heart disease mortality
Baltimore City,236.9,All races/ethnicities (aggregated),2012-2014,Heart disease mortality
Baltimore County,174.5,All races/ethnicities (aggregated),2012-2014,Heart disease mortality
Calvert,176.2,All races/ethnicities (aggregated),2012-2014,Heart disease mortality
Caroline,200.3,All races/ethnicities (aggregated),2012-2014,Heart disease mortality
Carroll,178.2,All races/ethnicities (aggregated),2012-2014,Heart disease mortality
Cecil,198.7,All races/ethnicities (aggregated),2012-2014,Heart disease mortality
Charles,169.0,All races/ethnicities (aggregated),2012-2014,Heart disease mortality
Dorchester,192.8,All races/ethnicities (aggregated),2012-2014,Heart disease mortality
Frederick,166.5,All races/ethnicities (aggregated),2012-2014,Heart disease mortality
Garrett,222.5,All races/ethnicities (aggregated),2012-2014,Heart disease mortality
Harford,169.6,All races/ethnicities (aggregated),2012-2014,Heart disease mortality
Howard,125.1,All races/ethnicities (aggregated),2012-2014,Heart disease mortality
Kent,150.9,All races/ethnicities (aggregated),2012-2014,Heart disease mortality
Montgomery,110.7,All races/ethnicities (aggregated),2012-2014,Heart disease mortality
Prince George's,172.5,All races/ethnicities (aggregated),2012-2014,Heart disease mortality
Queen Anne's,168.7,All races/ethnicities (aggregated),2012-2014,Heart disease mortality
Saint Mary's,167.8,All races/ethnicities (aggregated),2012-2014,Heart disease mortality
Somerset,294.4,All races/ethnicities (aggregated),2012-2014,Heart disease mortality
Talbot,146.1,All races/ethnicities (aggregated),2012-2014,Heart disease mortality
Washington,202.5,All races/ethnicities (aggregated),2012-2014,Heart disease mortality
Wicomico,254.6,All races/ethnicities (aggregated),2012-2014,Heart disease mortality
Worcester,183.1,All races/ethnicities (aggregated),2012-2014,Heart disease mortality
State,197.2,Black Non-Hispanic,2012-2014,Heart disease mortality
Allegany,*,Black Non-Hispanic,2012-2014,Heart disease mortality
Anne Arundel,193.0,Black Non-Hispanic,2012-2014,Heart disease mortality
Baltimore City,254.2,Black Non-Hispanic,2012-2014,Heart disease mortality
Baltimore County,183.6,Black Non-Hispanic,2012-2014,Heart disease mortality
Calvert,196.5,Black Non-Hispanic,2012-2014,Heart disease mortality
Caroline,186.0,Black Non-Hispanic,2012-2014,Heart disease mortality
Carroll,200.0,Black Non-Hispanic,2012-2014,Heart disease mortality
Cecil,255.7,Black Non-Hispanic,2012-2014,Heart disease mortality
Charles,167.9,Black Non-Hispanic,2012-2014,Heart disease mortality
Dorchester,227.6,Black Non-Hispanic,2012-2014,Heart disease mortality
Frederick,201.6,Black Non-Hispanic,2012-2014,Heart disease mortality
Garrett,*,Black Non-Hispanic,2012-2014,Heart disease mortality
Harford,170.8,Black Non-Hispanic,2012-2014,Heart disease mortality
Howard,134.4,Black Non-Hispanic,2012-2014,Heart disease mortality
Kent,238.0,Black Non-Hispanic,2012-2014,Heart disease mortality
Montgomery,126.8,Black Non-Hispanic,2012-2014,Heart disease mortality
Prince George's,183.0,Black Non-Hispanic,2012-2014,Heart disease mortality
Queen Anne's,234.5,Black Non-Hispanic,2012-2014,Heart disease mortality
Saint Mary's,200.8,Black Non-Hispanic,2012-2014,Heart disease mortality
Somerset,345.9,Black Non-Hispanic,2012-2014,Heart disease mortality
Talbot,228.3,Black Non-Hispanic,2012-2014,Heart disease mortality
Washington,236.5,Black Non-Hispanic,2012-2014,Heart disease mortality
Wicomico,274.8,Black Non-Hispanic,2012-2014,Heart disease mortality
Worcester,262.1,Black Non-Hispanic,2012-2014,Heart disease mortality
State,64.4,Hispanic,2012-2014,Heart disease mortality
Allegany,*,Hispanic,2012-2014,Heart disease mortality
Anne Arundel,79.2,Hispanic,2012-2014,Heart disease mortality
Baltimore City,91.9,Hispanic,2012-2014,Heart disease mortality
Baltimore County,59.2,Hispanic,2012-2014,Heart disease mortality
Calvert,*,Hispanic,2012-2014,Heart disease mortality
Caroline,*,Hispanic,2012-2014,Heart disease mortality
Carroll,*,Hispanic,2012-2014,Heart disease mortality
Cecil,*,Hispanic,2012-2014,Heart disease mortality
Charles,*,Hispanic,2012-2014,Heart disease mortality
Dorchester,*,Hispanic,2012-2014,Heart disease mortality
Frederick,*,Hispanic,2012-2014,Heart disease mortality
Garrett,*,Hispanic,2012-2014,Heart disease mortality
Harford,*,Hispanic,2012-2014,Heart disease mortality
Howard,*,Hispanic,2012-2014,Heart disease mortality
Kent,*,Hispanic,2012-2014,Heart disease mortality
Montgomery,51.5,Hispanic,2012-2014,Heart disease mortality
Prince George's,88.3,Hispanic,2012-2014,Heart disease mortality
Queen Anne's,*,Hispanic,2012-2014,Heart disease mortality
Saint Mary's,*,Hispanic,2012-2014,Heart disease mortality
Somerset,*,Hispanic,2012-2014,Heart disease mortality
Talbot,*,Hispanic,2012-2014,Heart disease mortality
Washington,*,Hispanic,2012-2014,Heart disease mortality
Wicomico,*,Hispanic,2012-2014,Heart disease mortality
Worcester,*,Hispanic,2012-2014,Heart disease mortality
State,169.4,White Non-Hispanic,2012-2014,Heart disease mortality
Allegany,257.4,White Non-Hispanic,2012-2014,Heart disease mortality
Anne Arundel,163.2,White Non-Hispanic,2012-2014,Heart disease mortality
Baltimore City,218.1,White Non-Hispanic,2012-2014,Heart disease mortality
Baltimore County,177.9,White Non-Hispanic,2012-2014,Heart disease mortality
Calvert,175.1,White Non-Hispanic,2012-2014,Heart disease mortality
Caroline,204.6,White Non-Hispanic,2012-2014,Heart disease mortality
Carroll,180.6,White Non-Hispanic,2012-2014,Heart disease mortality
Cecil,198.8,White Non-Hispanic,2012-2014,Heart disease mortality
Charles,173.4,White Non-Hispanic,2012-2014,Heart disease mortality
Dorchester,184.9,White Non-Hispanic,2012-2014,Heart disease mortality
Frederick,171.3,White Non-Hispanic,2012-2014,Heart disease mortality
Garrett,225.1,White Non-Hispanic,2012-2014,Heart disease mortality
Harford,172.2,White Non-Hispanic,2012-2014,Heart disease mortality
Howard,132.4,White Non-Hispanic,2012-2014,Heart disease mortality
Kent,139.2,White Non-Hispanic,2012-2014,Heart disease mortality
Montgomery,119.1,White Non-Hispanic,2012-2014,Heart disease mortality
Prince George's,177.4,White Non-Hispanic,2012-2014,Heart disease mortality
Queen Anne's,167.6,White Non-Hispanic,2012-2014,Heart disease mortality
Saint Mary's,167.0,White Non-Hispanic,2012-2014,Heart disease mortality
Somerset,288.3,White Non-Hispanic,2012-2014,Heart disease mortality
Talbot,138.4,White Non-Hispanic,2012-2014,Heart disease mortality
Washington,204.2,White Non-Hispanic,2012-2014,Heart disease mortality
Wicomico,252.8,White Non-Hispanic,2012-2014,Heart disease mortality
Worcester,175.0,White Non-Hispanic,2012-2014,Heart disease mortality
State,72.9,Asian/ Pacific Islander Non-Hispanic,2012-2014,Heart disease mortality
Allegany,*,Asian/ Pacific Islander Non-Hispanic,2012-2014,Heart disease mortality
Anne Arundel,109.0,Asian/ Pacific Islander Non-Hispanic,2012-2014,Heart disease mortality
Baltimore City,105.0,Asian/ Pacific Islander Non-Hispanic,2012-2014,Heart disease mortality
Baltimore County,73.9,Asian/ Pacific Islander Non-Hispanic,2012-2014,Heart disease mortality
Calvert,*,Asian/ Pacific Islander Non-Hispanic,2012-2014,Heart disease mortality
Caroline,*,Asian/ Pacific Islander Non-Hispanic,2012-2014,Heart disease mortality
Carroll,*,Asian/ Pacific Islander Non-Hispanic,2012-2014,Heart disease mortality
Cecil,*,Asian/ Pacific Islander Non-Hispanic,2012-2014,Heart disease mortality
Charles,*,Asian/ Pacific Islander Non-Hispanic,2012-2014,Heart disease mortality
Dorchester,*,Asian/ Pacific Islander Non-Hispanic,2012-2014,Heart disease mortality
Frederick,*,Asian/ Pacific Islander Non-Hispanic,2012-2014,Heart disease mortality
Garrett,*,Asian/ Pacific Islander Non-Hispanic,2012-2014,Heart disease mortality
Harford,*,Asian/ Pacific Islander Non-Hispanic,2012-2014,Heart disease mortality
Howard,72.2,Asian/ Pacific Islander Non-Hispanic,2012-2014,Heart disease mortality
Kent,*,Asian/ Pacific Islander Non-Hispanic,2012-2014,Heart disease mortality
Montgomery,63.2,Asian/ Pacific Islander Non-Hispanic,2012-2014,Heart disease mortality
Prince George's,87.6,Asian/ Pacific Islander Non-Hispanic,2012-2014,Heart disease mortality
Queen Anne's,*,Asian/ Pacific Islander Non-Hispanic,2012-2014,Heart disease mortality
Saint Mary's,*,Asian/ Pacific Islander Non-Hispanic,2012-2014,Heart disease mortality
Somerset,*,Asian/ Pacific Islander Non-Hispanic,2012-2014,Heart disease mortality
Talbot,*,Asian/ Pacific Islander Non-Hispanic,2012-2014,Heart disease mortality
Washington,*,Asian/ Pacific Islander Non-Hispanic,2012-2014,Heart disease mortality
Wicomico,*,Asian/ Pacific Islander Non-Hispanic,2012-2014,Heart disease mortality
Worcester,*,Asian/ Pacific Islander Non-Hispanic,2012-2014,Heart disease mortality
State,171.7,All races/ethnicities (aggregated),2011-2013,Heart disease mortality
Allegany,242.8,All races/ethnicities (aggregated),2011-2013,Heart disease mortality
Anne Arundel,165.0,All races/ethnicities (aggregated),2011-2013,Heart disease mortality
Baltimore City,242.7,All races/ethnicities (aggregated),2011-2013,Heart disease mortality
Baltimore County,171.8,All races/ethnicities (aggregated),2011-2013,Heart disease mortality
Calvert,194.1,All races/ethnicities (aggregated),2011-2013,Heart disease mortality
Caroline,195.0,All races/ethnicities (aggregated),2011-2013,Heart disease mortality
Carroll,171.9,All races/ethnicities (aggregated),2011-2013,Heart disease mortality
Cecil,193.8,All races/ethnicities (aggregated),2011-2013,Heart disease mortality
Charles,184.7,All races/ethnicities (aggregated),2011-2013,Heart disease mortality
Dorchester,195.5,All races/ethnicities (aggregated),2011-2013,Heart disease mortality
Frederick,168.5,All races/ethnicities (aggregated),2011-2013,Heart disease mortality
Garrett,203.1,All races/ethnicities (aggregated),2011-2013,Heart disease mortality
Harford,171.6,All races/ethnicities (aggregated),2011-2013,Heart disease mortality
Howard,127.3,All races/ethnicities (aggregated),2011-2013,Heart disease mortality
Kent,157.9,All races/ethnicities (aggregated),2011-2013,Heart disease mortality
Montgomery,114.6,All races/ethnicities (aggregated),2011-2013,Heart disease mortality
Prince George's,180.0,All races/ethnicities (aggregated),2011-2013,Heart disease mortality
Queen Anne's,164.7,All races/ethnicities (aggregated),2011-2013,Heart disease mortality
Saint Mary's,187.6,All races/ethnicities (aggregated),2011-2013,Heart disease mortality
Somerset,288.0,All races/ethnicities (aggregated),2011-2013,Heart disease mortality
Talbot,136.6,All races/ethnicities (aggregated),2011-2013,Heart disease mortality
Washington,196.1,All races/ethnicities (aggregated),2011-2013,Heart disease mortality
Wicomico,247.9,All races/ethnicities (aggregated),2011-2013,Heart disease mortality
Worcester,183.4,All races/ethnicities (aggregated),2011-2013,Heart disease mortality
State,201.7,Black Non-Hispanic,2011-2013,Heart disease mortality
Allegany,*,Black Non-Hispanic,2011-2013,Heart disease mortality
Anne Arundel,195.1,Black Non-Hispanic,2011-2013,Heart disease mortality
Baltimore City,257.3,Black Non-Hispanic,2011-2013,Heart disease mortality
Baltimore County,181.0,Black Non-Hispanic,2011-2013,Heart disease mortality
Calvert,214.9,Black Non-Hispanic,2011-2013,Heart disease mortality
Caroline,187.9,Black Non-Hispanic,2011-2013,Heart disease mortality
Carroll,258.4,Black Non-Hispanic,2011-2013,Heart disease mortality
Cecil,244.0,Black Non-Hispanic,2011-2013,Heart disease mortality
Charles,196.9,Black Non-Hispanic,2011-2013,Heart disease mortality
Dorchester,243.9,Black Non-Hispanic,2011-2013,Heart disease mortality
Frederick,179.5,Black Non-Hispanic,2011-2013,Heart disease mortality
Garrett,*,Black Non-Hispanic,2011-2013,Heart disease mortality
Harford,168.4,Black Non-Hispanic,2011-2013,Heart disease mortality
Howard,125.0,Black Non-Hispanic,2011-2013,Heart disease mortality
Kent,241.5,Black Non-Hispanic,2011-2013,Heart disease mortality
Montgomery,132.9,Black Non-Hispanic,2011-2013,Heart disease mortality
Prince George's,190.5,Black Non-Hispanic,2011-2013,Heart disease mortality
Queen Anne's,240.0,Black Non-Hispanic,2011-2013,Heart disease mortality
Saint Mary's,202.9,Black Non-Hispanic,2011-2013,Heart disease mortality
Somerset,331.0,Black Non-Hispanic,2011-2013,Heart disease mortality
Talbot,201.1,Black Non-Hispanic,2011-2013,Heart disease mortality
Washington,225.1,Black Non-Hispanic,2011-2013,Heart disease mortality
Wicomico,271.7,Black Non-Hispanic,2011-2013,Heart disease mortality
Worcester,255.9,Black Non-Hispanic,2011-2013,Heart disease mortality
State,66.3,Hispanic,2011-2013,Heart disease mortality
Allegany,*,Hispanic,2011-2013,Heart disease mortality
Anne Arundel,77.7,Hispanic,2011-2013,Heart disease mortality
Baltimore City,97.4,Hispanic,2011-2013,Heart disease mortality
Baltimore County,54.7,Hispanic,2011-2013,Heart disease mortality
Calvert,*,Hispanic,2011-2013,Heart disease mortality
Caroline,*,Hispanic,2011-2013,Heart disease mortality
Carroll,*,Hispanic,2011-2013,Heart disease mortality
Cecil,*,Hispanic,2011-2013,Heart disease mortality
Charles,*,Hispanic,2011-2013,Heart disease mortality
Dorchester,*,Hispanic,2011-2013,Heart disease mortality
Frederick,*,Hispanic,2011-2013,Heart disease mortality
Garrett,*,Hispanic,2011-2013,Heart disease mortality
Harford,*,Hispanic,2011-2013,Heart disease mortality
Howard,*,Hispanic,2011-2013,Heart disease mortality
Kent,*,Hispanic,2011-2013,Heart disease mortality
Montgomery,61.1,Hispanic,2011-2013,Heart disease mortality
Prince George's,82.3,Hispanic,2011-2013,Heart disease mortality
Queen Anne's,*,Hispanic,2011-2013,Heart disease mortality
Saint Mary's,*,Hispanic,2011-2013,Heart disease mortality
Somerset,*,Hispanic,2011-2013,Heart disease mortality
Talbot,*,Hispanic,2011-2013,Heart disease mortality
Washington,*,Hispanic,2011-2013,Heart disease mortality
Wicomico,*,Hispanic,2011-2013,Heart disease mortality
Worcester,*,Hispanic,2011-2013,Heart disease mortality
State,169.8,White Non-Hispanic,2011-2013,Heart disease mortality
Allegany,245.3,White Non-Hispanic,2011-2013,Heart disease mortality
Anne Arundel,165.8,White Non-Hispanic,2011-2013,Heart disease mortality
Baltimore City,229.6,White Non-Hispanic,2011-2013,Heart disease mortality
Baltimore County,174.1,White Non-Hispanic,2011-2013,Heart disease mortality
Calvert,194.1,White Non-Hispanic,2011-2013,Heart disease mortality
Caroline,197.0,White Non-Hispanic,2011-2013,Heart disease mortality
Carroll,172.1,White Non-Hispanic,2011-2013,Heart disease mortality
Cecil,193.6,White Non-Hispanic,2011-2013,Heart disease mortality
Charles,182.7,White Non-Hispanic,2011-2013,Heart disease mortality
Dorchester,186.3,White Non-Hispanic,2011-2013,Heart disease mortality
Frederick,172.9,White Non-Hispanic,2011-2013,Heart disease mortality
Garrett,205.2,White Non-Hispanic,2011-2013,Heart disease mortality
Harford,173.9,White Non-Hispanic,2011-2013,Heart disease mortality
Howard,137.3,White Non-Hispanic,2011-2013,Heart disease mortality
Kent,146.3,White Non-Hispanic,2011-2013,Heart disease mortality
Montgomery,122.0,White Non-Hispanic,2011-2013,Heart disease mortality
Prince George's,185.1,White Non-Hispanic,2011-2013,Heart disease mortality
Queen Anne's,163.4,White Non-Hispanic,2011-2013,Heart disease mortality
Saint Mary's,189.6,White Non-Hispanic,2011-2013,Heart disease mortality
Somerset,281.2,White Non-Hispanic,2011-2013,Heart disease mortality
Talbot,131.0,White Non-Hispanic,2011-2013,Heart disease mortality
Washington,197.0,White Non-Hispanic,2011-2013,Heart disease mortality
Wicomico,245.6,White Non-Hispanic,2011-2013,Heart disease mortality
Worcester,176.6,White Non-Hispanic,2011-2013,Heart disease mortality
State,75.2,Asian/ Pacific Islander Non-Hispanic,2011-2013,Heart disease mortality
Allegany,*,Asian/ Pacific Islander Non-Hispanic,2011-2013,Heart disease mortality
Anne Arundel,75.3,Asian/ Pacific Islander Non-Hispanic,2011-2013,Heart disease mortality
Baltimore City,89.5,Asian/ Pacific Islander Non-Hispanic,2011-2013,Heart disease mortality
Baltimore County,86.7,Asian/ Pacific Islander Non-Hispanic,2011-2013,Heart disease mortality
Calvert,*,Asian/ Pacific Islander Non-Hispanic,2011-2013,Heart disease mortality
Caroline,*,Asian/ Pacific Islander Non-Hispanic,2011-2013,Heart disease mortality
Carroll,*,Asian/ Pacific Islander Non-Hispanic,2011-2013,Heart disease mortality
Cecil,*,Asian/ Pacific Islander Non-Hispanic,2011-2013,Heart disease mortality
Charles,*,Asian/ Pacific Islander Non-Hispanic,2011-2013,Heart disease mortality
Dorchester,*,Asian/ Pacific Islander Non-Hispanic,2011-2013,Heart disease mortality
Frederick,*,Asian/ Pacific Islander Non-Hispanic,2011-2013,Heart disease mortality
Garrett,*,Asian/ Pacific Islander Non-Hispanic,2011-2013,Heart disease mortality
Harford,*,Asian/ Pacific Islander Non-Hispanic,2011-2013,Heart disease mortality
Howard,67.2,Asian/ Pacific Islander Non-Hispanic,2011-2013,Heart disease mortality
Kent,*,Asian/ Pacific Islander Non-Hispanic,2011-2013,Heart disease mortality
Montgomery,66.1,Asian/ Pacific Islander Non-Hispanic,2011-2013,Heart disease mortality
Prince George's,92.5,Asian/ Pacific Islander Non-Hispanic,2011-2013,Heart disease mortality
Queen Anne's,*,Asian/ Pacific Islander Non-Hispanic,2011-2013,Heart disease mortality
Saint Mary's,*,Asian/ Pacific Islander Non-Hispanic,2011-2013,Heart disease mortality
Somerset,*,Asian/ Pacific Islander Non-Hispanic,2011-2013,Heart disease mortality
Talbot,*,Asian/ Pacific Islander Non-Hispanic,2011-2013,Heart disease mortality
Washington,*,Asian/ Pacific Islander Non-Hispanic,2011-2013,Heart disease mortality
Wicomico,*,Asian/ Pacific Islander Non-Hispanic,2011-2013,Heart disease mortality
Worcester,*,Asian/ Pacific Islander Non-Hispanic,2011-2013,Heart disease mortality
State,174.9,All races/ethnicities (aggregated),2010-2012,Heart disease mortality
Allegany,241.4,All races/ethnicities (aggregated),2010-2012,Heart disease mortality
Anne Arundel,171.5,All races/ethnicities (aggregated),2010-2012,Heart disease mortality
Baltimore City,242.0,All races/ethnicities (aggregated),2010-2012,Heart disease mortality
Baltimore County,175.9,All races/ethnicities (aggregated),2010-2012,Heart disease mortality
Calvert,195.8,All races/ethnicities (aggregated),2010-2012,Heart disease mortality
Caroline,206.9,All races/ethnicities (aggregated),2010-2012,Heart disease mortality
Carroll,167.3,All races/ethnicities (aggregated),2010-2012,Heart disease mortality
Cecil,191.8,All races/ethnicities (aggregated),2010-2012,Heart disease mortality
Charles,184.0,All races/ethnicities (aggregated),2010-2012,Heart disease mortality
Dorchester,202.3,All races/ethnicities (aggregated),2010-2012,Heart disease mortality
Frederick,158.9,All races/ethnicities (aggregated),2010-2012,Heart disease mortality
Garrett,206.6,All races/ethnicities (aggregated),2010-2012,Heart disease mortality
Harford,176.0,All races/ethnicities (aggregated),2010-2012,Heart disease mortality
Howard,137.4,All races/ethnicities (aggregated),2010-2012,Heart disease mortality
Kent,157.3,All races/ethnicities (aggregated),2010-2012,Heart disease mortality
Montgomery,119.7,All races/ethnicities (aggregated),2010-2012,Heart disease mortality
Prince George's,191.2,All races/ethnicities (aggregated),2010-2012,Heart disease mortality
Queen Anne's,164.4,All races/ethnicities (aggregated),2010-2012,Heart disease mortality
Saint Mary's,199.8,All races/ethnicities (aggregated),2010-2012,Heart disease mortality
Somerset,265.4,All races/ethnicities (aggregated),2010-2012,Heart disease mortality
Talbot,147.2,All races/ethnicities (aggregated),2010-2012,Heart disease mortality
Washington,184.1,All races/ethnicities (aggregated),2010-2012,Heart disease mortality
Wicomico,242.5,All races/ethnicities (aggregated),2010-2012,Heart disease mortality
Worcester,179.3,All races/ethnicities (aggregated),2010-2012,Heart disease mortality
State,207.7,Black Non-Hispanic,2010-2012,Heart disease mortality
Allegany,*,Black Non-Hispanic,2010-2012,Heart disease mortality
Anne Arundel,200.8,Black Non-Hispanic,2010-2012,Heart disease mortality
Baltimore City,256.8,Black Non-Hispanic,2010-2012,Heart disease mortality
Baltimore County,187.7,Black Non-Hispanic,2010-2012,Heart disease mortality
Calvert,219.3,Black Non-Hispanic,2010-2012,Heart disease mortality
Caroline,186.4,Black Non-Hispanic,2010-2012,Heart disease mortality
Carroll,247.2,Black Non-Hispanic,2010-2012,Heart disease mortality
Cecil,212.9,Black Non-Hispanic,2010-2012,Heart disease mortality
Charles,195.1,Black Non-Hispanic,2010-2012,Heart disease mortality
Dorchester,263.1,Black Non-Hispanic,2010-2012,Heart disease mortality
Frederick,187.3,Black Non-Hispanic,2010-2012,Heart disease mortality
Garrett,*,Black Non-Hispanic,2010-2012,Heart disease mortality
Harford,187.2,Black Non-Hispanic,2010-2012,Heart disease mortality
Howard,136.7,Black Non-Hispanic,2010-2012,Heart disease mortality
Kent,158.3,Black Non-Hispanic,2010-2012,Heart disease mortality
Montgomery,145.3,Black Non-Hispanic,2010-2012,Heart disease mortality
Prince George's,201.5,Black Non-Hispanic,2010-2012,Heart disease mortality
Queen Anne's,240.1,Black Non-Hispanic,2010-2012,Heart disease mortality
Saint Mary's,194.9,Black Non-Hispanic,2010-2012,Heart disease mortality
Somerset,301.5,Black Non-Hispanic,2010-2012,Heart disease mortality
Talbot,211.5,Black Non-Hispanic,2010-2012,Heart disease mortality
Washington,197.7,Black Non-Hispanic,2010-2012,Heart disease mortality
Wicomico,278.9,Black Non-Hispanic,2010-2012,Heart disease mortality
Worcester,237.9,Black Non-Hispanic,2010-2012,Heart disease mortality
State,71.4,Hispanic,2010-2012,Heart disease mortality
Allegany,*,Hispanic,2010-2012,Heart disease mortality
Anne Arundel,*,Hispanic,2010-2012,Heart disease mortality
Baltimore City,89.2,Hispanic,2010-2012,Heart disease mortality
Baltimore County,58.4,Hispanic,2010-2012,Heart disease mortality
Calvert,*,Hispanic,2010-2012,Heart disease mortality
Caroline,*,Hispanic,2010-2012,Heart disease mortality
Carroll,*,Hispanic,2010-2012,Heart disease mortality
Cecil,*,Hispanic,2010-2012,Heart disease mortality
Charles,*,Hispanic,2010-2012,Heart disease mortality
Dorchester,*,Hispanic,2010-2012,Heart disease mortality
Frederick,*,Hispanic,2010-2012,Heart disease mortality
Garrett,*,Hispanic,2010-2012,Heart disease mortality
Harford,*,Hispanic,2010-2012,Heart disease mortality
Howard,*,Hispanic,2010-2012,Heart disease mortality
Kent,*,Hispanic,2010-2012,Heart disease mortality
Montgomery,67.2,Hispanic,2010-2012,Heart disease mortality
Prince George's,93.4,Hispanic,2010-2012,Heart disease mortality
Queen Anne's,*,Hispanic,2010-2012,Heart disease mortality
Saint Mary's,*,Hispanic,2010-2012,Heart disease mortality
Somerset,*,Hispanic,2010-2012,Heart disease mortality
Talbot,*,Hispanic,2010-2012,Heart disease mortality
Washington,*,Hispanic,2010-2012,Heart disease mortality
Wicomico,*,Hispanic,2010-2012,Heart disease mortality
Worcester,*,Hispanic,2010-2012,Heart disease mortality
State,171.7,White Non-Hispanic,2010-2012,Heart disease mortality
Allegany,243.5,White Non-Hispanic,2010-2012,Heart disease mortality
Anne Arundel,172.7,White Non-Hispanic,2010-2012,Heart disease mortality
Baltimore City,226.3,White Non-Hispanic,2010-2012,Heart disease mortality
Baltimore County,176.5,White Non-Hispanic,2010-2012,Heart disease mortality
Calvert,195.9,White Non-Hispanic,2010-2012,Heart disease mortality
Caroline,209.0,White Non-Hispanic,2010-2012,Heart disease mortality
Carroll,167.1,White Non-Hispanic,2010-2012,Heart disease mortality
Cecil,193.1,White Non-Hispanic,2010-2012,Heart disease mortality
Charles,184.0,White Non-Hispanic,2010-2012,Heart disease mortality
Dorchester,190.7,White Non-Hispanic,2010-2012,Heart disease mortality
Frederick,162.2,White Non-Hispanic,2010-2012,Heart disease mortality
Garrett,208.6,White Non-Hispanic,2010-2012,Heart disease mortality
Harford,176.8,White Non-Hispanic,2010-2012,Heart disease mortality
Howard,145.9,White Non-Hispanic,2010-2012,Heart disease mortality
Kent,160.0,White Non-Hispanic,2010-2012,Heart disease mortality
Montgomery,125.5,White Non-Hispanic,2010-2012,Heart disease mortality
Prince George's,198.7,White Non-Hispanic,2010-2012,Heart disease mortality
Queen Anne's,161.9,White Non-Hispanic,2010-2012,Heart disease mortality
Saint Mary's,204.9,White Non-Hispanic,2010-2012,Heart disease mortality
Somerset,253.4,White Non-Hispanic,2010-2012,Heart disease mortality
Talbot,140.1,White Non-Hispanic,2010-2012,Heart disease mortality
Washington,185.7,White Non-Hispanic,2010-2012,Heart disease mortality
Wicomico,237.9,White Non-Hispanic,2010-2012,Heart disease mortality
Worcester,173.2,White Non-Hispanic,2010-2012,Heart disease mortality
State,82.2,Asian/ Pacific Islander Non-Hispanic,2010-2012,Heart disease mortality
Allegany,*,Asian/ Pacific Islander Non-Hispanic,2010-2012,Heart disease mortality
Anne Arundel,*,Asian/ Pacific Islander Non-Hispanic,2010-2012,Heart disease mortality
Baltimore City,120.5,Asian/ Pacific Islander Non-Hispanic,2010-2012,Heart disease mortality
Baltimore County,110.1,Asian/ Pacific Islander Non-Hispanic,2010-2012,Heart disease mortality
Calvert,*,Asian/ Pacific Islander Non-Hispanic,2010-2012,Heart disease mortality
Caroline,*,Asian/ Pacific Islander Non-Hispanic,2010-2012,Heart disease mortality
Carroll,*,Asian/ Pacific Islander Non-Hispanic,2010-2012,Heart disease mortality
Cecil,*,Asian/ Pacific Islander Non-Hispanic,2010-2012,Heart disease mortality
Charles,*,Asian/ Pacific Islander Non-Hispanic,2010-2012,Heart disease mortality
Dorchester,*,Asian/ Pacific Islander Non-Hispanic,2010-2012,Heart disease mortality
Frederick,*,Asian/ Pacific Islander Non-Hispanic,2010-2012,Heart disease mortality
Garrett,*,Asian/ Pacific Islander Non-Hispanic,2010-2012,Heart disease mortality
Harford,*,Asian/ Pacific Islander Non-Hispanic,2010-2012,Heart disease mortality
Howard,84.7,Asian/ Pacific Islander Non-Hispanic,2010-2012,Heart disease mortality
Kent,*,Asian/ Pacific Islander Non-Hispanic,2010-2012,Heart disease mortality
Montgomery,72.7,Asian/ Pacific Islander Non-Hispanic,2010-2012,Heart disease mortality
Prince George's,96.5,Asian/ Pacific Islander Non-Hispanic,2010-2012,Heart disease mortality
Queen Anne's,*,Asian/ Pacific Islander Non-Hispanic,2010-2012,Heart disease mortality
Saint Mary's,*,Asian/ Pacific Islander Non-Hispanic,2010-2012,Heart disease mortality
Somerset,*,Asian/ Pacific Islander Non-Hispanic,2010-2012,Heart disease mortality
Talbot,*,Asian/ Pacific Islander Non-Hispanic,2010-2012,Heart disease mortality
Washington,*,Asian/ Pacific Islander Non-Hispanic,2010-2012,Heart disease mortality
Wicomico,*,Asian/ Pacific Islander Non-Hispanic,2010-2012,Heart disease mortality
Worcester,*,Asian/ Pacific Islander Non-Hispanic,2010-2012,Heart disease mortality
State,181.5,All races/ethnicities (aggregated),2009-2011,Heart disease mortality
Allegany,245.4,All races/ethnicities (aggregated),2009-2011,Heart disease mortality
Anne Arundel,176.1,All races/ethnicities (aggregated),2009-2011,Heart disease mortality
Baltimore City,250.9,All races/ethnicities (aggregated),2009-2011,Heart disease mortality
Baltimore County,181.4,All races/ethnicities (aggregated),2009-2011,Heart disease mortality
Calvert,201.8,All races/ethnicities (aggregated),2009-2011,Heart disease mortality
Caroline,226.9,All races/ethnicities (aggregated),2009-2011,Heart disease mortality
Carroll,175.5,All races/ethnicities (aggregated),2009-2011,Heart disease mortality
Cecil,199.7,All races/ethnicities (aggregated),2009-2011,Heart disease mortality
Charles,201.0,All races/ethnicities (aggregated),2009-2011,Heart disease mortality
Dorchester,198.5,All races/ethnicities (aggregated),2009-2011,Heart disease mortality
Frederick,162.8,All races/ethnicities (aggregated),2009-2011,Heart disease mortality
Garrett,207.1,All races/ethnicities (aggregated),2009-2011,Heart disease mortality
Harford,180.4,All races/ethnicities (aggregated),2009-2011,Heart disease mortality
Howard,151.5,All races/ethnicities (aggregated),2009-2011,Heart disease mortality
Kent,166.8,All races/ethnicities (aggregated),2009-2011,Heart disease mortality
Montgomery,124.7,All races/ethnicities (aggregated),2009-2011,Heart disease mortality
Prince George's,203.4,All races/ethnicities (aggregated),2009-2011,Heart disease mortality
Queen Anne's,145.2,All races/ethnicities (aggregated),2009-2011,Heart disease mortality
Saint Mary's,207.6,All races/ethnicities (aggregated),2009-2011,Heart disease mortality
Somerset,285.5,All races/ethnicities (aggregated),2009-2011,Heart disease mortality
Talbot,147.5,All races/ethnicities (aggregated),2009-2011,Heart disease mortality
Washington,187.7,All races/ethnicities (aggregated),2009-2011,Heart disease mortality
Wicomico,238.0,All races/ethnicities (aggregated),2009-2011,Heart disease mortality
Worcester,183.6,All races/ethnicities (aggregated),2009-2011,Heart disease mortality
State,217.8,Black Non-Hispanic,2009-2011,Heart disease mortality
Allegany,*,Black Non-Hispanic,2009-2011,Heart disease mortality
Anne Arundel,201.9,Black Non-Hispanic,2009-2011,Heart disease mortality
Baltimore City,263.1,Black Non-Hispanic,2009-2011,Heart disease mortality
Baltimore County,200.0,Black Non-Hispanic,2009-2011,Heart disease mortality
Calvert,223.5,Black Non-Hispanic,2009-2011,Heart disease mortality
Caroline,188.1,Black Non-Hispanic,2009-2011,Heart disease mortality
Carroll,237.8,Black Non-Hispanic,2009-2011,Heart disease mortality
Cecil,192.1,Black Non-Hispanic,2009-2011,Heart disease mortality
Charles,218.3,Black Non-Hispanic,2009-2011,Heart disease mortality
Dorchester,239.4,Black Non-Hispanic,2009-2011,Heart disease mortality
Frederick,157.9,Black Non-Hispanic,2009-2011,Heart disease mortality
Garrett,*,Black Non-Hispanic,2009-2011,Heart disease mortality
Harford,197.9,Black Non-Hispanic,2009-2011,Heart disease mortality
Howard,144.4,Black Non-Hispanic,2009-2011,Heart disease mortality
Kent,193.2,Black Non-Hispanic,2009-2011,Heart disease mortality
Montgomery,160.6,Black Non-Hispanic,2009-2011,Heart disease mortality
Prince George's,214.2,Black Non-Hispanic,2009-2011,Heart disease mortality
Queen Anne's,197.1,Black Non-Hispanic,2009-2011,Heart disease mortality
Saint Mary's,191.3,Black Non-Hispanic,2009-2011,Heart disease mortality
Somerset,291.8,Black Non-Hispanic,2009-2011,Heart disease mortality
Talbot,234.6,Black Non-Hispanic,2009-2011,Heart disease mortality
Washington,209.1,Black Non-Hispanic,2009-2011,Heart disease mortality
Wicomico,282.7,Black Non-Hispanic,2009-2011,Heart disease mortality
Worcester,328.7,Black Non-Hispanic,2009-2011,Heart disease mortality
State,66.4,Hispanic,2009-2011,Heart disease mortality
Allegany,*,Hispanic,2009-2011,Heart disease mortality
Anne Arundel,*,Hispanic,2009-2011,Heart disease mortality
Baltimore City,*,Hispanic,2009-2011,Heart disease mortality
Baltimore County,55.7,Hispanic,2009-2011,Heart disease mortality
Calvert,*,Hispanic,2009-2011,Heart disease mortality
Caroline,*,Hispanic,2009-2011,Heart disease mortality
Carroll,*,Hispanic,2009-2011,Heart disease mortality
Cecil,*,Hispanic,2009-2011,Heart disease mortality
Charles,*,Hispanic,2009-2011,Heart disease mortality
Dorchester,*,Hispanic,2009-2011,Heart disease mortality
Frederick,*,Hispanic,2009-2011,Heart disease mortality
Garrett,*,Hispanic,2009-2011,Heart disease mortality
Harford,*,Hispanic,2009-2011,Heart disease mortality
Howard,*,Hispanic,2009-2011,Heart disease mortality
Kent,*,Hispanic,2009-2011,Heart disease mortality
Montgomery,64.4,Hispanic,2009-2011,Heart disease mortality
Prince George's,91.8,Hispanic,2009-2011,Heart disease mortality
Queen Anne's,*,Hispanic,2009-2011,Heart disease mortality
Saint Mary's,*,Hispanic,2009-2011,Heart disease mortality
Somerset,*,Hispanic,2009-2011,Heart disease mortality
Talbot,*,Hispanic,2009-2011,Heart disease mortality
Washington,*,Hispanic,2009-2011,Heart disease mortality
Wicomico,*,Hispanic,2009-2011,Heart disease mortality
Worcester,*,Hispanic,2009-2011,Heart disease mortality
State,177.6,White Non-Hispanic,2009-2011,Heart disease mortality
Allegany,248.2,White Non-Hispanic,2009-2011,Heart disease mortality
Anne Arundel,177.6,White Non-Hispanic,2009-2011,Heart disease mortality
Baltimore City,239.0,White Non-Hispanic,2009-2011,Heart disease mortality
Baltimore County,182.1,White Non-Hispanic,2009-2011,Heart disease mortality
Calvert,202.2,White Non-Hispanic,2009-2011,Heart disease mortality
Caroline,233.9,White Non-Hispanic,2009-2011,Heart disease mortality
Carroll,175.8,White Non-Hispanic,2009-2011,Heart disease mortality
Cecil,201.3,White Non-Hispanic,2009-2011,Heart disease mortality
Charles,199.0,White Non-Hispanic,2009-2011,Heart disease mortality
Dorchester,190.8,White Non-Hispanic,2009-2011,Heart disease mortality
Frederick,167.5,White Non-Hispanic,2009-2011,Heart disease mortality
Garrett,208.0,White Non-Hispanic,2009-2011,Heart disease mortality
Harford,180.7,White Non-Hispanic,2009-2011,Heart disease mortality
Howard,162.3,White Non-Hispanic,2009-2011,Heart disease mortality
Kent,165.6,White Non-Hispanic,2009-2011,Heart disease mortality
Montgomery,129.3,White Non-Hispanic,2009-2011,Heart disease mortality
Prince George's,212.8,White Non-Hispanic,2009-2011,Heart disease mortality
Queen Anne's,142.8,White Non-Hispanic,2009-2011,Heart disease mortality
Saint Mary's,214.9,White Non-Hispanic,2009-2011,Heart disease mortality
Somerset,286.1,White Non-Hispanic,2009-2011,Heart disease mortality
Talbot,135.3,White Non-Hispanic,2009-2011,Heart disease mortality
Washington,188.9,White Non-Hispanic,2009-2011,Heart disease mortality
Wicomico,231.1,White Non-Hispanic,2009-2011,Heart disease mortality
Worcester,167.8,White Non-Hispanic,2009-2011,Heart disease mortality
State,86.3,Asian/ Pacific Islander Non-Hispanic,2009-2011,Heart disease mortality
Allegany,*,Asian/ Pacific Islander Non-Hispanic,2009-2011,Heart disease mortality
Anne Arundel,74.1,Asian/ Pacific Islander Non-Hispanic,2009-2011,Heart disease mortality
Baltimore City,101.5,Asian/ Pacific Islander Non-Hispanic,2009-2011,Heart disease mortality
Baltimore County,101.0,Asian/ Pacific Islander Non-Hispanic,2009-2011,Heart disease mortality
Calvert,*,Asian/ Pacific Islander Non-Hispanic,2009-2011,Heart disease mortality
Caroline,*,Asian/ Pacific Islander Non-Hispanic,2009-2011,Heart disease mortality
Carroll,*,Asian/ Pacific Islander Non-Hispanic,2009-2011,Heart disease mortality
Cecil,*,Asian/ Pacific Islander Non-Hispanic,2009-2011,Heart disease mortality
Charles,*,Asian/ Pacific Islander Non-Hispanic,2009-2011,Heart disease mortality
Dorchester,*,Asian/ Pacific Islander Non-Hispanic,2009-2011,Heart disease mortality
Frederick,*,Asian/ Pacific Islander Non-Hispanic,2009-2011,Heart disease mortality
Garrett,*,Asian/ Pacific Islander Non-Hispanic,2009-2011,Heart disease mortality
Harford,*,Asian/ Pacific Islander Non-Hispanic,2009-2011,Heart disease mortality
Howard,86.4,Asian/ Pacific Islander Non-Hispanic,2009-2011,Heart disease mortality
Kent,*,Asian/ Pacific Islander Non-Hispanic,2009-2011,Heart disease mortality
Montgomery,77.2,Asian/ Pacific Islander Non-Hispanic,2009-2011,Heart disease mortality
Prince George's,105.4,Asian/ Pacific Islander Non-Hispanic,2009-2011,Heart disease mortality
Queen Anne's,*,Asian/ Pacific Islander Non-Hispanic,2009-2011,Heart disease mortality
Saint Mary's,*,Asian/ Pacific Islander Non-Hispanic,2009-2011,Heart disease mortality
Somerset,*,Asian/ Pacific Islander Non-Hispanic,2009-2011,Heart disease mortality
Talbot,*,Asian/ Pacific Islander Non-Hispanic,2009-2011,Heart disease mortality
Washington,*,Asian/ Pacific Islander Non-Hispanic,2009-2011,Heart disease mortality
Wicomico,*,Asian/ Pacific Islander Non-Hispanic,2009-2011,Heart disease mortality
Worcester,*,Asian/ Pacific Islander Non-Hispanic,2009-2011,Heart disease mortality
State,193.0,All races/ethnicities (aggregated),2008-2010,Heart disease mortality
Allegany,259.8,All races/ethnicities (aggregated),2008-2010,Heart disease mortality
Anne Arundel,191.6,All races/ethnicities (aggregated),2008-2010,Heart disease mortality
Baltimore City,259.8,All races/ethnicities (aggregated),2008-2010,Heart disease mortality
Baltimore County,198.1,All races/ethnicities (aggregated),2008-2010,Heart disease mortality
Calvert,209.2,All races/ethnicities (aggregated),2008-2010,Heart disease mortality
Caroline,230.0,All races/ethnicities (aggregated),2008-2010,Heart disease mortality
Carroll,179.1,All races/ethnicities (aggregated),2008-2010,Heart disease mortality
Cecil,210.9,All races/ethnicities (aggregated),2008-2010,Heart disease mortality
Charles,200.7,All races/ethnicities (aggregated),2008-2010,Heart disease mortality
Dorchester,198.5,All races/ethnicities (aggregated),2008-2010,Heart disease mortality
Frederick,176.2,All races/ethnicities (aggregated),2008-2010,Heart disease mortality
Garrett,226.4,All races/ethnicities (aggregated),2008-2010,Heart disease mortality
Harford,197.5,All races/ethnicities (aggregated),2008-2010,Heart disease mortality
Howard,150.1,All races/ethnicities (aggregated),2008-2010,Heart disease mortality
Kent,190.4,All races/ethnicities (aggregated),2008-2010,Heart disease mortality
Montgomery,127.7,All races/ethnicities (aggregated),2008-2010,Heart disease mortality
Prince George's,223.6,All races/ethnicities (aggregated),2008-2010,Heart disease mortality
Queen Anne's,157.2,All races/ethnicities (aggregated),2008-2010,Heart disease mortality
Saint Mary's,219.0,All races/ethnicities (aggregated),2008-2010,Heart disease mortality
Somerset,289.7,All races/ethnicities (aggregated),2008-2010,Heart disease mortality
Talbot,170.8,All races/ethnicities (aggregated),2008-2010,Heart disease mortality
Washington,195.4,All races/ethnicities (aggregated),2008-2010,Heart disease mortality
Wicomico,255.0,All races/ethnicities (aggregated),2008-2010,Heart disease mortality
Worcester,212.5,All races/ethnicities (aggregated),2008-2010,Heart disease mortality
State,237.3,Black Non-Hispanic,2008-2010,Heart disease mortality
Allegany,*,Black Non-Hispanic,2008-2010,Heart disease mortality
Anne Arundel,215.2,Black Non-Hispanic,2008-2010,Heart disease mortality
Baltimore City,272.4,Black Non-Hispanic,2008-2010,Heart disease mortality
Baltimore County,238.6,Black Non-Hispanic,2008-2010,Heart disease mortality
Calvert,210.0,Black Non-Hispanic,2008-2010,Heart disease mortality
Caroline,162.0,Black Non-Hispanic,2008-2010,Heart disease mortality
Carroll,194.6,Black Non-Hispanic,2008-2010,Heart disease mortality
Cecil,189.6,Black Non-Hispanic,2008-2010,Heart disease mortality
Charles,214.4,Black Non-Hispanic,2008-2010,Heart disease mortality
Dorchester,209.8,Black Non-Hispanic,2008-2010,Heart disease mortality
Frederick,150.6,Black Non-Hispanic,2008-2010,Heart disease mortality
Garrett,*,Black Non-Hispanic,2008-2010,Heart disease mortality
Harford,202.6,Black Non-Hispanic,2008-2010,Heart disease mortality
Howard,154.0,Black Non-Hispanic,2008-2010,Heart disease mortality
Kent,224.9,Black Non-Hispanic,2008-2010,Heart disease mortality
Montgomery,157.0,Black Non-Hispanic,2008-2010,Heart disease mortality
Prince George's,277.2,Black Non-Hispanic,2008-2010,Heart disease mortality
Queen Anne's,152.9,Black Non-Hispanic,2008-2010,Heart disease mortality
Saint Mary's,182.2,Black Non-Hispanic,2008-2010,Heart disease mortality
Somerset,284.0,Black Non-Hispanic,2008-2010,Heart disease mortality
Talbot,241.3,Black Non-Hispanic,2008-2010,Heart disease mortality
Washington,145.7,Black Non-Hispanic,2008-2010,Heart disease mortality
Wicomico,262.1,Black Non-Hispanic,2008-2010,Heart disease mortality
Worcester,320.4,Black Non-Hispanic,2008-2010,Heart disease mortality
State,59.1,Hispanic,2008-2010,Heart disease mortality
Allegany,*,Hispanic,2008-2010,Heart disease mortality
Anne Arundel,*,Hispanic,2008-2010,Heart disease mortality
Baltimore City,*,Hispanic,2008-2010,Heart disease mortality
Baltimore County,44.3,Hispanic,2008-2010,Heart disease mortality
Calvert,*,Hispanic,2008-2010,Heart disease mortality
Caroline,*,Hispanic,2008-2010,Heart disease mortality
Carroll,*,Hispanic,2008-2010,Heart disease mortality
Cecil,*,Hispanic,2008-2010,Heart disease mortality
Charles,*,Hispanic,2008-2010,Heart disease mortality
Dorchester,*,Hispanic,2008-2010,Heart disease mortality
Frederick,*,Hispanic,2008-2010,Heart disease mortality
Garrett,*,Hispanic,2008-2010,Heart disease mortality
Harford,*,Hispanic,2008-2010,Heart disease mortality
Howard,*,Hispanic,2008-2010,Heart disease mortality
Kent,*,Hispanic,2008-2010,Heart disease mortality
Montgomery,55.0,Hispanic,2008-2010,Heart disease mortality
Prince George's,74.3,Hispanic,2008-2010,Heart disease mortality
Queen Anne's,*,Hispanic,2008-2010,Heart disease mortality
Saint Mary's,*,Hispanic,2008-2010,Heart disease mortality
Somerset,*,Hispanic,2008-2010,Heart disease mortality
Talbot,*,Hispanic,2008-2010,Heart disease mortality
Washington,*,Hispanic,2008-2010,Heart disease mortality
Wicomico,*,Hispanic,2008-2010,Heart disease mortality
Worcester,*,Hispanic,2008-2010,Heart disease mortality
State,188.9,White Non-Hispanic,2008-2010,Heart disease mortality
Allegany,262.5,White Non-Hispanic,2008-2010,Heart disease mortality
Anne Arundel,193.1,White Non-Hispanic,2008-2010,Heart disease mortality
Baltimore City,249.7,White Non-Hispanic,2008-2010,Heart disease mortality
Baltimore County,197.4,White Non-Hispanic,2008-2010,Heart disease mortality
Calvert,213.2,White Non-Hispanic,2008-2010,Heart disease mortality
Caroline,242.4,White Non-Hispanic,2008-2010,Heart disease mortality
Carroll,179.4,White Non-Hispanic,2008-2010,Heart disease mortality
Cecil,214.8,White Non-Hispanic,2008-2010,Heart disease mortality
Charles,201.7,White Non-Hispanic,2008-2010,Heart disease mortality
Dorchester,195.3,White Non-Hispanic,2008-2010,Heart disease mortality
Frederick,182.5,White Non-Hispanic,2008-2010,Heart disease mortality
Garrett,227.9,White Non-Hispanic,2008-2010,Heart disease mortality
Harford,200.3,White Non-Hispanic,2008-2010,Heart disease mortality
Howard,160.5,White Non-Hispanic,2008-2010,Heart disease mortality
Kent,187.9,White Non-Hispanic,2008-2010,Heart disease mortality
Montgomery,136.0,White Non-Hispanic,2008-2010,Heart disease mortality
Prince George's,201.7,White Non-Hispanic,2008-2010,Heart disease mortality
Queen Anne's,160.7,White Non-Hispanic,2008-2010,Heart disease mortality
Saint Mary's,233.5,White Non-Hispanic,2008-2010,Heart disease mortality
Somerset,297.4,White Non-Hispanic,2008-2010,Heart disease mortality
Talbot,158.5,White Non-Hispanic,2008-2010,Heart disease mortality
Washington,198.2,White Non-Hispanic,2008-2010,Heart disease mortality
Wicomico,256.4,White Non-Hispanic,2008-2010,Heart disease mortality
Worcester,200.0,White Non-Hispanic,2008-2010,Heart disease mortality
State,77.3,Asian/ Pacific Islander Non-Hispanic,2008-2010,Heart disease mortality
Allegany,*,Asian/ Pacific Islander Non-Hispanic,2008-2010,Heart disease mortality
Anne Arundel,82.4,Asian/ Pacific Islander Non-Hispanic,2008-2010,Heart disease mortality
Baltimore City,121.1,Asian/ Pacific Islander Non-Hispanic,2008-2010,Heart disease mortality
Baltimore County,68.3,Asian/ Pacific Islander Non-Hispanic,2008-2010,Heart disease mortality
Calvert,*,Asian/ Pacific Islander Non-Hispanic,2008-2010,Heart disease mortality
Caroline,*,Asian/ Pacific Islander Non-Hispanic,2008-2010,Heart disease mortality
Carroll,*,Asian/ Pacific Islander Non-Hispanic,2008-2010,Heart disease mortality
Cecil,*,Asian/ Pacific Islander Non-Hispanic,2008-2010,Heart disease mortality
Charles,*,Asian/ Pacific Islander Non-Hispanic,2008-2010,Heart disease mortality
Dorchester,*,Asian/ Pacific Islander Non-Hispanic,2008-2010,Heart disease mortality
Frederick,*,Asian/ Pacific Islander Non-Hispanic,2008-2010,Heart disease mortality
Garrett,*,Asian/ Pacific Islander Non-Hispanic,2008-2010,Heart disease mortality
Harford,*,Asian/ Pacific Islander Non-Hispanic,2008-2010,Heart disease mortality
Howard,77.7,Asian/ Pacific Islander Non-Hispanic,2008-2010,Heart disease mortality
Kent,*,Asian/ Pacific Islander Non-Hispanic,2008-2010,Heart disease mortality
Montgomery,72.5,Asian/ Pacific Islander Non-Hispanic,2008-2010,Heart disease mortality
Prince George's,90.4,Asian/ Pacific Islander Non-Hispanic,2008-2010,Heart disease mortality
Queen Anne's,*,Asian/ Pacific Islander Non-Hispanic,2008-2010,Heart disease mortality
Saint Mary's,*,Asian/ Pacific Islander Non-Hispanic,2008-2010,Heart disease mortality
Somerset,*,Asian/ Pacific Islander Non-Hispanic,2008-2010,Heart disease mortality
Talbot,*,Asian/ Pacific Islander Non-Hispanic,2008-2010,Heart disease mortality
Washington,*,Asian/ Pacific Islander Non-Hispanic,2008-2010,Heart disease mortality
Wicomico,*,Asian/ Pacific Islander Non-Hispanic,2008-2010,Heart disease mortality
Worcester,*,Asian/ Pacific Islander Non-Hispanic,2008-2010,Heart disease mortality
State,196.8,All races/ethnicities (aggregated),2007-2009,Heart disease mortality
Allegany,254.9,All races/ethnicities (aggregated),2007-2009,Heart disease mortality
Anne Arundel,198.8,All races/ethnicities (aggregated),2007-2009,Heart disease mortality
Baltimore City,259.7,All races/ethnicities (aggregated),2007-2009,Heart disease mortality
Baltimore County,195.4,All races/ethnicities (aggregated),2007-2009,Heart disease mortality
Calvert,227.6,All races/ethnicities (aggregated),2007-2009,Heart disease mortality
Caroline,233.2,All races/ethnicities (aggregated),2007-2009,Heart disease mortality
Carroll,192.1,All races/ethnicities (aggregated),2007-2009,Heart disease mortality
Cecil,224.5,All races/ethnicities (aggregated),2007-2009,Heart disease mortality
Charles,228.5,All races/ethnicities (aggregated),2007-2009,Heart disease mortality
Dorchester,199.8,All races/ethnicities (aggregated),2007-2009,Heart disease mortality
Frederick,196.4,All races/ethnicities (aggregated),2007-2009,Heart disease mortality
Garrett,225.9,All races/ethnicities (aggregated),2007-2009,Heart disease mortality
Harford,210.7,All races/ethnicities (aggregated),2007-2009,Heart disease mortality
Howard,169.6,All races/ethnicities (aggregated),2007-2009,Heart disease mortality
Kent,182.3,All races/ethnicities (aggregated),2007-2009,Heart disease mortality
Montgomery,130.2,All races/ethnicities (aggregated),2007-2009,Heart disease mortality
Prince George's,224.2,All races/ethnicities (aggregated),2007-2009,Heart disease mortality
Queen Anne's,170.1,All races/ethnicities (aggregated),2007-2009,Heart disease mortality
Saint Mary's,231.1,All races/ethnicities (aggregated),2007-2009,Heart disease mortality
Somerset,296.4,All races/ethnicities (aggregated),2007-2009,Heart disease mortality
Talbot,168.4,All races/ethnicities (aggregated),2007-2009,Heart disease mortality
Washington,208.4,All races/ethnicities (aggregated),2007-2009,Heart disease mortality
Wicomico,242.7,All races/ethnicities (aggregated),2007-2009,Heart disease mortality
Worcester,197.5,All races/ethnicities (aggregated),2007-2009,Heart disease mortality
State,241.7,Black Non-Hispanic,2007-2009,Heart disease mortality
Allegany,*,Black Non-Hispanic,2007-2009,Heart disease mortality
Anne Arundel,220.4,Black Non-Hispanic,2007-2009,Heart disease mortality
Baltimore City,275.7,Black Non-Hispanic,2007-2009,Heart disease mortality
Baltimore County,242.0,Black Non-Hispanic,2007-2009,Heart disease mortality
Calvert,237.9,Black Non-Hispanic,2007-2009,Heart disease mortality
Caroline,212.0,Black Non-Hispanic,2007-2009,Heart disease mortality
Carroll,217.7,Black Non-Hispanic,2007-2009,Heart disease mortality
Cecil,233.4,Black Non-Hispanic,2007-2009,Heart disease mortality
Charles,223.7,Black Non-Hispanic,2007-2009,Heart disease mortality
Dorchester,215.6,Black Non-Hispanic,2007-2009,Heart disease mortality
Frederick,167.5,Black Non-Hispanic,2007-2009,Heart disease mortality
Garrett,*,Black Non-Hispanic,2007-2009,Heart disease mortality
Harford,219.2,Black Non-Hispanic,2007-2009,Heart disease mortality
Howard,170.0,Black Non-Hispanic,2007-2009,Heart disease mortality
Kent,239.8,Black Non-Hispanic,2007-2009,Heart disease mortality
Montgomery,164.2,Black Non-Hispanic,2007-2009,Heart disease mortality
Prince George's,272.0,Black Non-Hispanic,2007-2009,Heart disease mortality
Queen Anne's,138.4,Black Non-Hispanic,2007-2009,Heart disease mortality
Saint Mary's,212.5,Black Non-Hispanic,2007-2009,Heart disease mortality
Somerset,246.7,Black Non-Hispanic,2007-2009,Heart disease mortality
Talbot,248.2,Black Non-Hispanic,2007-2009,Heart disease mortality
Washington,165.4,Black Non-Hispanic,2007-2009,Heart disease mortality
Wicomico,237.3,Black Non-Hispanic,2007-2009,Heart disease mortality
Worcester,346.9,Black Non-Hispanic,2007-2009,Heart disease mortality
State,57.4,Hispanic,2007-2009,Heart disease mortality
Allegany,*,Hispanic,2007-2009,Heart disease mortality
Anne Arundel,*,Hispanic,2007-2009,Heart disease mortality
Baltimore City,*,Hispanic,2007-2009,Heart disease mortality
Baltimore County,*,Hispanic,2007-2009,Heart disease mortality
Calvert,*,Hispanic,2007-2009,Heart disease mortality
Caroline,*,Hispanic,2007-2009,Heart disease mortality
Carroll,*,Hispanic,2007-2009,Heart disease mortality
Cecil,*,Hispanic,2007-2009,Heart disease mortality
Charles,*,Hispanic,2007-2009,Heart disease mortality
Dorchester,*,Hispanic,2007-2009,Heart disease mortality
Frederick,*,Hispanic,2007-2009,Heart disease mortality
Garrett,*,Hispanic,2007-2009,Heart disease mortality
Harford,*,Hispanic,2007-2009,Heart disease mortality
Howard,*,Hispanic,2007-2009,Heart disease mortality
Kent,*,Hispanic,2007-2009,Heart disease mortality
Montgomery,53.5,Hispanic,2007-2009,Heart disease mortality
Prince George's,63.8,Hispanic,2007-2009,Heart disease mortality
Queen Anne's,*,Hispanic,2007-2009,Heart disease mortality
Saint Mary's,*,Hispanic,2007-2009,Heart disease mortality
Somerset,*,Hispanic,2007-2009,Heart disease mortality
Talbot,*,Hispanic,2007-2009,Heart disease mortality
Washington,*,Hispanic,2007-2009,Heart disease mortality
Wicomico,*,Hispanic,2007-2009,Heart disease mortality
Worcester,*,Hispanic,2007-2009,Heart disease mortality
State,192.3,White Non-Hispanic,2007-2009,Heart disease mortality
Allegany,256.8,White Non-Hispanic,2007-2009,Heart disease mortality
Anne Arundel,199.7,White Non-Hispanic,2007-2009,Heart disease mortality
Baltimore City,245.4,White Non-Hispanic,2007-2009,Heart disease mortality
Baltimore County,193.6,White Non-Hispanic,2007-2009,Heart disease mortality
Calvert,229.9,White Non-Hispanic,2007-2009,Heart disease mortality
Caroline,239.8,White Non-Hispanic,2007-2009,Heart disease mortality
Carroll,191.7,White Non-Hispanic,2007-2009,Heart disease mortality
Cecil,226.6,White Non-Hispanic,2007-2009,Heart disease mortality
Charles,237.3,White Non-Hispanic,2007-2009,Heart disease mortality
Dorchester,195.0,White Non-Hispanic,2007-2009,Heart disease mortality
Frederick,202.8,White Non-Hispanic,2007-2009,Heart disease mortality
Garrett,227.3,White Non-Hispanic,2007-2009,Heart disease mortality
Harford,213.9,White Non-Hispanic,2007-2009,Heart disease mortality
Howard,182.9,White Non-Hispanic,2007-2009,Heart disease mortality
Kent,174.8,White Non-Hispanic,2007-2009,Heart disease mortality
Montgomery,137.6,White Non-Hispanic,2007-2009,Heart disease mortality
Prince George's,200.7,White Non-Hispanic,2007-2009,Heart disease mortality
Queen Anne's,177.6,White Non-Hispanic,2007-2009,Heart disease mortality
Saint Mary's,242.1,White Non-Hispanic,2007-2009,Heart disease mortality
Somerset,322.1,White Non-Hispanic,2007-2009,Heart disease mortality
Talbot,155.3,White Non-Hispanic,2007-2009,Heart disease mortality
Washington,211.6,White Non-Hispanic,2007-2009,Heart disease mortality
Wicomico,247.3,White Non-Hispanic,2007-2009,Heart disease mortality
Worcester,177.6,White Non-Hispanic,2007-2009,Heart disease mortality
State,80.1,Asian/ Pacific Islander Non-Hispanic,2007-2009,Heart disease mortality
Allegany,*,Asian/ Pacific Islander Non-Hispanic,2007-2009,Heart disease mortality
Anne Arundel,117.5,Asian/ Pacific Islander Non-Hispanic,2007-2009,Heart disease mortality
Baltimore City,84.9,Asian/ Pacific Islander Non-Hispanic,2007-2009,Heart disease mortality
Baltimore County,56.4,Asian/ Pacific Islander Non-Hispanic,2007-2009,Heart disease mortality
Calvert,*,Asian/ Pacific Islander Non-Hispanic,2007-2009,Heart disease mortality
Caroline,*,Asian/ Pacific Islander Non-Hispanic,2007-2009,Heart disease mortality
Carroll,*,Asian/ Pacific Islander Non-Hispanic,2007-2009,Heart disease mortality
Cecil,*,Asian/ Pacific Islander Non-Hispanic,2007-2009,Heart disease mortality
Charles,*,Asian/ Pacific Islander Non-Hispanic,2007-2009,Heart disease mortality
Dorchester,*,Asian/ Pacific Islander Non-Hispanic,2007-2009,Heart disease mortality
Frederick,*,Asian/ Pacific Islander Non-Hispanic,2007-2009,Heart disease mortality
Garrett,*,Asian/ Pacific Islander Non-Hispanic,2007-2009,Heart disease mortality
Harford,*,Asian/ Pacific Islander Non-Hispanic,2007-2009,Heart disease mortality
Howard,80.1,Asian/ Pacific Islander Non-Hispanic,2007-2009,Heart disease mortality
Kent,*,Asian/ Pacific Islander Non-Hispanic,2007-2009,Heart disease mortality
Montgomery,72.6,Asian/ Pacific Islander Non-Hispanic,2007-2009,Heart disease mortality
Prince George's,97.9,Asian/ Pacific Islander Non-Hispanic,2007-2009,Heart disease mortality
Queen Anne's,*,Asian/ Pacific Islander Non-Hispanic,2007-2009,Heart disease mortality
Saint Mary's,*,Asian/ Pacific Islander Non-Hispanic,2007-2009,Heart disease mortality
Somerset,*,Asian/ Pacific Islander Non-Hispanic,2007-2009,Heart disease mortality
Talbot,*,Asian/ Pacific Islander Non-Hispanic,2007-2009,Heart disease mortality
Washington,*,Asian/ Pacific Islander Non-Hispanic,2007-2009,Heart disease mortality
Wicomico,*,Asian/ Pacific Islander Non-Hispanic,2007-2009,Heart disease mortality
Worcester,*,Asian/ Pacific Islander Non-Hispanic,2007-2009,Heart disease mortality
